...1	A	R	N	D	C	Q	E	G	H	I	L	K	M	F	P	S	T	W	Y	V
A	0	0	0	0.11	0	0	0.05	0.05	0	0	0	0	0	0	0.14	0.07	0.29	0	0	0.27
R	0	0	0	0	0.2	0.17	0	0.1	0.16	0.01	0.05	0.03	0.01	0	0.07	0.03	0.02	0.16	0	0
N	0	0	0	0.11	0	0	0	0	0.1	0.07	0	0.26	0	0	0	0.29	0.08	0	0.07	0.01
D	0.05	0	0.27	0	0	0	0.08	0.21	0.13	0	0	0	0	0	0	0	0	0	0.12	0.14
C	0	0.22	0	0	0	0	0	0.08	0	0	0	0	0	0.14	0	0.13	0	0.05	0.37	0
Q	0	0.33	0	0	0	0	0.09	0	0.17	0	0.05	0.15	0	0	0.21	0	0	0	0	0
E	0.07	0	0	0.11	0	0.09	0	0.18	0	0	0	0.52	0	0	0	0	0	0	0	0.03
G	0.07	0.27	0	0.14	0.05	0	0.14	0	0	0	0	0	0	0	0	0.17	0	0.01	0	0.15
H	0.01	0.34	0.04	0.08	0	0.1	0	0	0	0	0.08	0	0	0	0.12	0	0	0	0.24	0
I	0	0.01	0.1	0	0	0	0	0	0	0	0.04	0.01	0.09	0.1	0	0.08	0.36	0	0	0.21
L	0.01	0.12	0	0	0	0.06	0	0	0.03	0.01	0	0	0.03	0.15	0.36	0.08	0	0.02	0	0.13
K	0.01	0.27	0.17	0	0	0.09	0.3	0	0	0.03	0	0	0.03	0	0	0	0.1	0	0	0
M	0	0.1	0	0	0	0	0	0	0	0.17	0.08	0.13	0	0	0	0	0.25	0	0	0.27
F	0.01	0	0	0	0.15	0	0	0	0	0.07	0.37	0	0	0	0	0.23	0	0	0.05	0.13
P	0.06	0.1	0	0	0	0.02	0	0	0.05	0	0.42	0	0	0	0	0.24	0.11	0	0	0
S	0.03	0.1	0.08	0	0.07	0	0	0.06	0	0.05	0.17	0	0	0.12	0.19	0	0.03	0.02	0.07	0
T	0.19	0.05	0.04	0	0	0	0.01	0	0	0.3	0	0.03	0.19	0	0.11	0.08	0	0	0	0
W	0	0.34	0	0	0.34	0	0	0.12	0	0	0.08	0	0	0	0	0.12	0	0	0	0
Y	0.01	0	0.08	0.09	0.43	0	0	0.01	0.21	0	0	0	0	0.06	0	0.1	0	0.01	0	0
V	0.15	0	0	0.05	0	0	0.06	0.08	0	0.19	0.11	0	0.25	0.11	0	0	0	0	0	0
sum_row	0.04	0.09	0.03	0.04	0.07	0.04	0.03	0.05	0.05	0.04	0.06	0.05	0.03	0.04	0.07	0.08	0.06	0.03	0.04	0.07
